variable,n_total,mean_total,sd_total,min_total,max_total,n_left,mean_left,sd_left,n_right,mean_right,sd_right
running_variable,2424,-0.010963940696967298,0.029438160744118372,-0.0499222143855021,0.0499983383224153,1575,-0.02997379611947785,0.013946957912492884,849,0.02430169215397985,0.014099437852130341
elected_dta,2424,0.35066006600660066,0.4772751381851663,0.0,1.0,1575,0.0038095238095238095,0.061623229383971474,849,0.9941107184923439,0.07656044590977103
runs_next,2128,0.4083646616541353,0.49164677703829895,0.0,1.0,1400,0.31,0.4626585078921021,728,0.5975274725274725,0.49073331626239647
wins_next,2128,0.17434210526315788,0.37949257125123015,0.0,1.0,1400,0.055714285714285716,0.22945110516177777,728,0.4024725274725275,0.49073331626239647
female,1891,0.40190375462718136,0.4904123880048776,0.0,1.0,1230,0.4105691056910569,0.4921372013163198,661,0.3857791225416036,0.4871474230100058
list_pos,2424,2.4843234323432344,2.4536482469036267,1.0,21.0,1575,2.328888888888889,2.326527255289152,849,2.772673733804476,2.6509000853537676
log_p_votes,2424,10.570439604160569,2.016777593887651,0.0,14.368066627483715,1575,9.93318596845002,2.1366314783568767,849,11.752623910690744,0.99737366666847
p_seats,2424,1.7648514851485149,2.605905017491551,0.0,19.0,1575,1.139047619047619,2.269143966382616,849,2.9257950530035335,2.7873376694291805
blank_vote_share,2424,0.009653384260980743,0.003767290570950499,0.004269486183304062,0.02566246599065353,1575,0.009794661648843883,0.003863136950960403,849,0.00939129723402616,0.0035701391209811023
