analysis_type,outcome,bandwidth,se_type,cluster_spec,n_clusters_left,n_clusters_right,n_window,n_left,n_right,mean_left,mean_right,tau,se,ci95_low,ci95_high,p_value,donut_radius
donut_hole,runs_next,0.025,cluster_prv_election,cluster_prv_election,191,205,889,530,359,0.3283018867924528,0.5988857938718662,0.3313985088336746,0.0738466295929581,0.1858927874335953,0.47690423023375395,1.1404443318374646e-05,0.001
donut_hole,runs_next,0.025,cluster_prv_election,cluster_prv_election,184,196,848,510,338,0.3352941176470588,0.5887573964497042,0.21117774409019063,0.0877151092224766,0.03832956108096472,0.3840259270994165,0.016866834478762804,0.0025
donut_hole,runs_next,0.025,cluster_prv_election,cluster_prv_election,170,182,761,463,298,0.3282937365010799,0.5838926174496645,0.21571267040009273,0.11203923997833722,-0.005089364327933943,0.4365147051281194,0.05547137008871594,0.005
donut_hole,runs_next,0.05,cluster_prv_election,cluster_prv_election,282,286,2091,1380,711,0.3101449275362319,0.5949367088607594,0.2719749410012027,0.05052105745859014,0.17255838669028573,0.3713914953121196,1.4671594184001435e-07,0.001
donut_hole,runs_next,0.05,cluster_prv_election,cluster_prv_election,279,282,2050,1360,690,0.3125,0.5898550724637681,0.21323352845630728,0.05645653431230822,0.10213403954540716,0.3243330173672074,0.00019130820779955648,0.0025
donut_hole,runs_next,0.05,cluster_prv_election,cluster_prv_election,275,276,1963,1313,650,0.3092155369383092,0.5876923076923077,0.21307088175979638,0.061865220025112716,0.09132776716956967,0.33481399635002307,0.0006542520172625466,0.005
donut_hole,runs_next,0.075,cluster_prv_election,cluster_prv_election,318,323,3758,2747,1011,0.2890425919184565,0.5895153313550939,0.26792163682824194,0.040105635689667865,0.18902580289307372,0.3468174707634102,1.0179701526169538e-10,0.001
donut_hole,runs_next,0.075,cluster_prv_election,cluster_prv_election,317,319,3717,2727,990,0.29006233956729005,0.5858585858585859,0.23232484334886364,0.04385299529860203,0.146056229980643,0.3185934567170843,2.154139082666262e-07,0.0025
donut_hole,runs_next,0.075,cluster_prv_election,cluster_prv_election,317,315,3630,2680,950,0.2880597014925373,0.5842105263157895,0.23416212698074182,0.046280803441656054,0.14311747401478764,0.325206779946696,7.010212019764595e-07,0.005
donut_hole,runs_next,0.1,cluster_prv_election,cluster_prv_election,332,339,5342,4056,1286,0.27933925049309666,0.5894245723172629,0.26960077610757355,0.034489842591574595,0.20175972269343395,0.33744182952171314,6.88338275267597e-14,0.001
donut_hole,runs_next,0.1,cluster_prv_election,cluster_prv_election,332,337,5301,4036,1265,0.27998017839444994,0.5865612648221344,0.24442205150346688,0.036987049019630396,0.17166902685541824,0.3171750761515155,1.508706493069667e-10,0.0025
donut_hole,runs_next,0.1,cluster_prv_election,cluster_prv_election,332,336,5214,3989,1225,0.27851591877663573,0.5853061224489796,0.24668211298666035,0.03864477151064763,0.17066837064295037,0.3226958553303703,5.698881366811293e-10,0.005
donut_hole,runs_next,0.025,cluster_prv_election_party,cluster_prv_election_party,524,349,889,530,359,0.3283018867924528,0.5988857938718662,0.3313985088336746,0.07870322083357993,0.17691219110055165,0.48588482656679755,2.830731621217275e-05,0.001
donut_hole,runs_next,0.025,cluster_prv_election_party,cluster_prv_election_party,506,330,848,510,338,0.3352941176470588,0.5887573964497042,0.21117774409019063,0.09244068189828465,0.02971357476675074,0.39264191341363053,0.022613935551055064,0.0025
donut_hole,runs_next,0.025,cluster_prv_election_party,cluster_prv_election_party,462,293,761,463,298,0.3282937365010799,0.5838926174496645,0.21571267040009273,0.1213242923057366,-0.0224892603776162,0.4539146011778017,0.07583924567106415,0.005
donut_hole,runs_next,0.05,cluster_prv_election_party,cluster_prv_election_party,1127,627,2091,1380,711,0.3101449275362319,0.5949367088607594,0.2719749410012027,0.05305391264634028,0.1679892722143757,0.37596060978802964,2.9535362489063743e-07,0.001
donut_hole,runs_next,0.05,cluster_prv_election_party,cluster_prv_election_party,1109,610,2050,1360,690,0.3125,0.5898550724637681,0.21323352845630728,0.05707729849156631,0.10136202341283732,0.32510503349977726,0.00018706519605093952,0.0025
donut_hole,runs_next,0.05,cluster_prv_election_party,cluster_prv_election_party,1073,580,1963,1313,650,0.3092155369383092,0.5876923076923077,0.21307088175979638,0.0635893977921248,0.08843566208723178,0.337706101432361,0.0008059894248584332,0.005
donut_hole,runs_next,0.075,cluster_prv_election_party,cluster_prv_election_party,2189,812,3758,2747,1011,0.2890425919184565,0.5895153313550939,0.26792163682824194,0.04119020074578312,0.18718884336650704,0.34865443028997684,7.795253331721597e-11,0.001
donut_hole,runs_next,0.075,cluster_prv_election_party,cluster_prv_election_party,2176,797,3717,2727,990,0.29006233956729005,0.5858585858585859,0.23232484334886364,0.04316289176373607,0.14772557549194093,0.31692411120578634,7.345290642390978e-08,0.0025
donut_hole,runs_next,0.075,cluster_prv_election_party,cluster_prv_election_party,2151,772,3630,2680,950,0.2880597014925373,0.5842105263157895,0.23416212698074182,0.0460281322649363,0.14394698774146666,0.32437726622001695,3.6306359829652024e-07,0.005
donut_hole,runs_next,0.1,cluster_prv_election_party,cluster_prv_election_party,3008,925,5342,4056,1286,0.27933925049309666,0.5894245723172629,0.26960077610757355,0.034884380091481225,0.20122739112827034,0.3379741610868767,1.0880185641326534e-14,0.001
donut_hole,runs_next,0.1,cluster_prv_election_party,cluster_prv_election_party,2996,912,5301,4036,1265,0.27998017839444994,0.5865612648221344,0.24442205150346688,0.03609025052932353,0.17368516046599275,0.315158942540941,1.2655654302307084e-11,0.0025
donut_hole,runs_next,0.1,cluster_prv_election_party,cluster_prv_election_party,2974,891,5214,3989,1225,0.27851591877663573,0.5853061224489796,0.24668211298666035,0.03769382075718996,0.17280222430256803,0.32056200167075266,5.974887251625205e-11,0.005
donut_hole,runs_next,0.025,hc1,none,0,0,889,530,359,0.3283018867924528,0.5988857938718662,0.3313985088336746,0.07891520528527497,0.17672470647453567,0.4860723111928136,2.675933021234478e-05,0.001
donut_hole,runs_next,0.025,hc1,none,0,0,848,510,338,0.3352941176470588,0.5887573964497042,0.21117774409019063,0.0925971393514409,0.029687350961366488,0.3926681372190148,0.022571674396851815,0.0025
donut_hole,runs_next,0.025,hc1,none,0,0,761,463,298,0.3282937365010799,0.5838926174496645,0.21571267040009273,0.12024058471929285,-0.019958875649721236,0.4513842164499067,0.07281175988195243,0.005
donut_hole,runs_next,0.05,hc1,none,0,0,2091,1380,711,0.3101449275362319,0.5949367088607594,0.2719749410012027,0.05390760543731825,0.1663160343440589,0.37763384765834646,4.530344708264522e-07,0.001
donut_hole,runs_next,0.05,hc1,none,0,0,2050,1360,690,0.3125,0.5898550724637681,0.21323352845630728,0.05820079304792526,0.09915997408237376,0.3273070828302408,0.0002485431681051864,0.0025
donut_hole,runs_next,0.05,hc1,none,0,0,1963,1313,650,0.3092155369383092,0.5876923076923077,0.21307088175979638,0.06568663360966494,0.0843250798848531,0.34181668363473966,0.001179680939880079,0.005
donut_hole,runs_next,0.075,hc1,none,0,0,3758,2747,1011,0.2890425919184565,0.5895153313550939,0.26792163682824194,0.042460192134190194,0.18469966024522916,0.3511436134112547,2.7912783195915836e-10,0.001
donut_hole,runs_next,0.075,hc1,none,0,0,3717,2727,990,0.29006233956729005,0.5858585858585859,0.23232484334886364,0.04459758659968156,0.14491357361348778,0.3197361130842395,1.8949405200530123e-07,0.0025
donut_hole,runs_next,0.075,hc1,none,0,0,3630,2680,950,0.2880597014925373,0.5842105263157895,0.23416212698074182,0.04814829715752647,0.13979146455198993,0.3285327894094937,1.1541421329752666e-06,0.005
donut_hole,runs_next,0.1,hc1,none,0,0,5342,4056,1286,0.27933925049309666,0.5894245723172629,0.26960077610757355,0.03596478635148374,0.19910979485866542,0.34009175735648167,6.572520305780927e-14,0.001
donut_hole,runs_next,0.1,hc1,none,0,0,5301,4036,1265,0.27998017839444994,0.5865612648221344,0.24442205150346688,0.03729314459518994,0.1713274880968946,0.31751661491003913,5.598788099803187e-11,0.0025
donut_hole,runs_next,0.1,hc1,none,0,0,5214,3989,1225,0.27851591877663573,0.5853061224489796,0.24668211298666035,0.03944019432683975,0.16937933210605444,0.32398489386726625,3.985700658404312e-10,0.005
donut_hole,wins_next,0.025,cluster_prv_election,cluster_prv_election,191,205,889,530,359,0.08679245283018867,0.35376044568245124,0.1144515900379861,0.06919840116046755,-0.021895367651008524,0.25079854772698074,0.09950510100340226,0.001
donut_hole,wins_next,0.025,cluster_prv_election,cluster_prv_election,184,196,848,510,338,0.08431372549019608,0.35798816568047337,0.11960677441524145,0.08023214302567738,-0.038495749355783676,0.27770929818626655,0.13742539781499197,0.0025
donut_hole,wins_next,0.025,cluster_prv_election,cluster_prv_election,170,182,761,463,298,0.08207343412526998,0.36577181208053694,0.04435033205000291,0.09828004940927264,-0.1493356915871993,0.23803635568720513,0.6522411630461953,0.005
donut_hole,wins_next,0.05,cluster_prv_election,cluster_prv_election,282,286,2091,1380,711,0.05579710144927536,0.39943741209563993,0.1542433136683599,0.04770657443168233,0.06036516688050554,0.24812146045621425,0.0013593129064386478,0.001
donut_hole,wins_next,0.05,cluster_prv_election,cluster_prv_election,279,282,2050,1360,690,0.054411764705882354,0.4028985507246377,0.16151636080934875,0.05103836203543346,0.061079165964571636,0.26195355565412587,0.0017118191366793933,0.0025
donut_hole,wins_next,0.05,cluster_prv_election,cluster_prv_election,275,276,1963,1313,650,0.05255140898705255,0.40923076923076923,0.15711930299066934,0.0559768247627034,0.046963823244270037,0.2672747827370686,0.005329013746870004,0.005
donut_hole,wins_next,0.075,cluster_prv_election,cluster_prv_election,318,323,3758,2747,1011,0.03494721514379323,0.42828882294757664,0.18382065668082395,0.03692576704022658,0.11118026252582108,0.2564610508358268,1.0378573864766594e-06,0.001
donut_hole,wins_next,0.075,cluster_prv_election,cluster_prv_election,317,319,3717,2727,990,0.034103410341034104,0.4313131313131313,0.19072580163925063,0.03844035048824326,0.11510506669449612,0.26634653658400514,1.1249302429572339e-06,0.0025
donut_hole,wins_next,0.075,cluster_prv_election,cluster_prv_election,317,315,3630,2680,950,0.03283582089552239,0.4368421052631579,0.19566771975277308,0.04034062872271857,0.11630871408817972,0.27502672541736645,1.9071055781250124e-06,0.005
donut_hole,wins_next,0.1,cluster_prv_election,cluster_prv_election,332,339,5342,4056,1286,0.02638067061143984,0.4440124416796267,0.22264488376356986,0.03190375796720714,0.15989062379214827,0.2853991437349914,1.5742740444579795e-11,0.001
donut_hole,wins_next,0.1,cluster_prv_election,cluster_prv_election,332,337,5301,4036,1265,0.02576808721506442,0.44664031620553357,0.23021197006974067,0.03278338035330832,0.16572750477420606,0.2946964353652753,1.1997070004099442e-11,0.0025
donut_hole,wins_next,0.1,cluster_prv_election,cluster_prv_election,332,336,5214,3989,1225,0.024818250188017046,0.4514285714285714,0.2398580776040579,0.03352033165548532,0.1739240390748425,0.3057921161332733,5.183631301974856e-12,0.005
donut_hole,wins_next,0.025,cluster_prv_election_party,cluster_prv_election_party,524,349,889,530,359,0.08679245283018867,0.35376044568245124,0.1144515900379861,0.06982575973683301,-0.022609185752508587,0.2515123658284808,0.10158018814610781,0.001
donut_hole,wins_next,0.025,cluster_prv_election_party,cluster_prv_election_party,506,330,848,510,338,0.08431372549019608,0.35798816568047337,0.11960677441524145,0.07904846252366596,-0.0355680176090728,0.2747815664395557,0.13066713116049078,0.0025
donut_hole,wins_next,0.025,cluster_prv_election_party,cluster_prv_election_party,462,293,761,463,298,0.08207343412526998,0.36577181208053694,0.04435033205000291,0.109149375253533,-0.16994798722684398,0.2586486513268498,0.6846262254406601,0.005
donut_hole,wins_next,0.05,cluster_prv_election_party,cluster_prv_election_party,1127,627,2091,1380,711,0.05579710144927536,0.39943741209563993,0.1542433136683599,0.0467015796494021,0.06270821755553177,0.245778409781188,0.0009574410423915936,0.001
donut_hole,wins_next,0.05,cluster_prv_election_party,cluster_prv_election_party,1109,610,2050,1360,690,0.054411764705882354,0.4028985507246377,0.16151636080934875,0.04977588357806621,0.06395562899633897,0.25907709262235856,0.0011750351220054522,0.0025
donut_hole,wins_next,0.05,cluster_prv_election_party,cluster_prv_election_party,1073,580,1963,1313,650,0.05255140898705255,0.40923076923076923,0.15711930299066934,0.05738630900551946,0.0446421373398512,0.26959646864148745,0.006182852517956139,0.005
donut_hole,wins_next,0.075,cluster_prv_election_party,cluster_prv_election_party,2189,812,3758,2747,1011,0.03494721514379323,0.42828882294757664,0.18382065668082395,0.035905486054801636,0.11344590401341274,0.25419540934823515,3.062327524894215e-07,0.001
donut_hole,wins_next,0.075,cluster_prv_election_party,cluster_prv_election_party,2176,797,3717,2727,990,0.034103410341034104,0.4313131313131313,0.19072580163925063,0.0375824753854567,0.11706414988375549,0.2643874533947458,3.877813723462964e-07,0.0025
donut_hole,wins_next,0.075,cluster_prv_election_party,cluster_prv_election_party,2151,772,3630,2680,950,0.03283582089552239,0.4368421052631579,0.19566771975277308,0.04087389844420733,0.11555487880212673,0.27578056070341944,1.6920275032195065e-06,0.005
donut_hole,wins_next,0.1,cluster_prv_election_party,cluster_prv_election_party,3008,925,5342,4056,1286,0.02638067061143984,0.4440124416796267,0.22264488376356986,0.030277754149529282,0.1633004856304925,0.28198928189664724,1.9317880628477724e-13,0.001
donut_hole,wins_next,0.1,cluster_prv_election_party,cluster_prv_election_party,2996,912,5301,4036,1265,0.02576808721506442,0.44664031620553357,0.23021197006974067,0.031273356337229725,0.16891619164877042,0.2915077484907109,1.8207657603852567e-13,0.0025
donut_hole,wins_next,0.1,cluster_prv_election_party,cluster_prv_election_party,2974,891,5214,3989,1225,0.024818250188017046,0.4514285714285714,0.2398580776040579,0.033144370557870194,0.17489511131063232,0.30482104389748343,4.594102875898898e-13,0.005
donut_hole,wins_next,0.025,hc1,none,0,0,889,530,359,0.08679245283018867,0.35376044568245124,0.1144515900379861,0.07009072321665458,-0.022926227466656873,0.25182940754262906,0.10248868536332911,0.001
donut_hole,wins_next,0.025,hc1,none,0,0,848,510,338,0.08431372549019608,0.35798816568047337,0.11960677441524145,0.07949455596528458,-0.03620255527671634,0.27541610410719924,0.13242932317814438,0.0025
donut_hole,wins_next,0.025,hc1,none,0,0,761,463,298,0.08207343412526998,0.36577181208053694,0.04435033205000291,0.10833910489268875,-0.16799431353966704,0.25669497763967286,0.6822711816843352,0.005
donut_hole,wins_next,0.05,hc1,none,0,0,2091,1380,711,0.05579710144927536,0.39943741209563993,0.1542433136683599,0.04718137575331167,0.06176781719186902,0.24671881014485075,0.0010786852087616428,0.001
donut_hole,wins_next,0.05,hc1,none,0,0,2050,1360,690,0.054411764705882354,0.4028985507246377,0.16151636080934875,0.050275344450098056,0.06297668568715656,0.2600560359315409,0.0013152305083941052,0.0025
donut_hole,wins_next,0.05,hc1,none,0,0,1963,1313,650,0.05255140898705255,0.40923076923076923,0.15711930299066934,0.05794435313987792,0.043548370836508615,0.27069023514483004,0.006696842129618963,0.005
donut_hole,wins_next,0.075,hc1,none,0,0,3758,2747,1011,0.03494721514379323,0.42828882294757664,0.18382065668082395,0.03701619946179685,0.11126890573570213,0.25637240762594576,6.836498835927074e-07,0.001
donut_hole,wins_next,0.075,hc1,none,0,0,3717,2727,990,0.034103410341034104,0.4313131313131313,0.19072580163925063,0.03861345425678595,0.11504343129595015,0.26640817198255107,7.837887017192458e-07,0.0025
donut_hole,wins_next,0.075,hc1,none,0,0,3630,2680,950,0.03283582089552239,0.4368421052631579,0.19566771975277308,0.042208796012270386,0.11293847956872313,0.278396959936823,3.5571511660670296e-06,0.005
donut_hole,wins_next,0.1,hc1,none,0,0,5342,4056,1286,0.02638067061143984,0.4440124416796267,0.22264488376356986,0.03139773258349874,0.16110532789991233,0.2841844396272274,1.3302692281058626e-12,0.001
donut_hole,wins_next,0.1,hc1,none,0,0,5301,4036,1265,0.02576808721506442,0.44664031620553357,0.23021197006974067,0.03241698969487634,0.16667467026778304,0.2937492698716983,1.233457780358549e-12,0.0025
donut_hole,wins_next,0.1,hc1,none,0,0,5214,3989,1225,0.024818250188017046,0.4514285714285714,0.2398580776040579,0.034620312062387,0.17200226596177937,0.3077138892463364,4.260813923906426e-12,0.005
