bin_idx,bandwidth,bin_left,bin_right,bin_center,bin_width,side,count,share,density,plot_bin,bin_in_side,count_ratio_near0,count_ratio_near0_add05,log_count_ratio_near0_add05,formal_test_feasible,log_density_jump,log_density_jump_se,log_density_jump_p_value,implied_density_ratio_at_cutoff
0,0.025,-0.025,-0.023333333333333334,-0.02416666666666667,0.0016666666666666668,left,86,0.08190476190476191,49.14285714285714,-15,0,1.0,1.0,0.0,1,0.11871589169380314,0.16858212131090167,0.48130689445899955,1.1260499526933108
1,0.025,-0.023333333333333334,-0.021666666666666667,-0.0225,0.0016666666666666668,left,74,0.07047619047619047,42.28571428571428,-14,1,1.0,1.0,0.0,1,0.11871589169380314,0.16858212131090167,0.48130689445899955,1.1260499526933108
2,0.025,-0.021666666666666667,-0.02,-0.020833333333333336,0.0016666666666666668,left,74,0.07047619047619047,42.28571428571428,-13,2,1.0,1.0,0.0,1,0.11871589169380314,0.16858212131090167,0.48130689445899955,1.1260499526933108
3,0.025,-0.02,-0.018333333333333333,-0.019166666666666665,0.0016666666666666668,left,33,0.03142857142857143,18.857142857142854,-12,3,1.0,1.0,0.0,1,0.11871589169380314,0.16858212131090167,0.48130689445899955,1.1260499526933108
4,0.025,-0.018333333333333333,-0.01666666666666667,-0.0175,0.0016666666666666668,left,38,0.03619047619047619,21.71428571428571,-11,4,1.0,1.0,0.0,1,0.11871589169380314,0.16858212131090167,0.48130689445899955,1.1260499526933108
5,0.025,-0.01666666666666667,-0.015000000000000001,-0.015833333333333335,0.0016666666666666668,left,40,0.0380952380952381,22.857142857142854,-10,5,1.0,1.0,0.0,1,0.11871589169380314,0.16858212131090167,0.48130689445899955,1.1260499526933108
6,0.025,-0.015000000000000001,-0.013333333333333334,-0.014166666666666668,0.0016666666666666668,left,28,0.02666666666666667,15.999999999999998,-9,6,1.0,1.0,0.0,1,0.11871589169380314,0.16858212131090167,0.48130689445899955,1.1260499526933108
7,0.025,-0.013333333333333334,-0.011666666666666667,-0.0125,0.0016666666666666668,left,37,0.035238095238095235,21.14285714285714,-8,7,1.0,1.0,0.0,1,0.11871589169380314,0.16858212131090167,0.48130689445899955,1.1260499526933108
8,0.025,-0.011666666666666667,-0.01,-0.010833333333333334,0.0016666666666666668,left,32,0.030476190476190476,18.285714285714285,-7,8,1.0,1.0,0.0,1,0.11871589169380314,0.16858212131090167,0.48130689445899955,1.1260499526933108
9,0.025,-0.01,-0.008333333333333335,-0.009166666666666667,0.0016666666666666668,left,22,0.02095238095238095,12.57142857142857,-6,9,1.0,1.0,0.0,1,0.11871589169380314,0.16858212131090167,0.48130689445899955,1.1260499526933108
10,0.025,-0.008333333333333335,-0.006666666666666668,-0.0075000000000000015,0.0016666666666666668,left,35,0.03333333333333333,19.999999999999996,-5,10,1.0,1.0,0.0,1,0.11871589169380314,0.16858212131090167,0.48130689445899955,1.1260499526933108
11,0.025,-0.006666666666666668,-0.005000000000000001,-0.0058333333333333345,0.0016666666666666668,left,21,0.02,11.999999999999998,-4,11,1.0,1.0,0.0,1,0.11871589169380314,0.16858212131090167,0.48130689445899955,1.1260499526933108
12,0.025,-0.005000000000000001,-0.003333333333333334,-0.0041666666666666675,0.0016666666666666668,left,43,0.040952380952380955,24.57142857142857,-3,12,1.0,1.0,0.0,1,0.11871589169380314,0.16858212131090167,0.48130689445899955,1.1260499526933108
13,0.025,-0.003333333333333334,-0.001666666666666667,-0.0025000000000000005,0.0016666666666666668,left,26,0.024761904761904763,14.857142857142856,-2,13,1.0,1.0,0.0,1,0.11871589169380314,0.16858212131090167,0.48130689445899955,1.1260499526933108
14,0.025,-0.001666666666666667,0.0,-0.0008333333333333335,0.0016666666666666668,left,27,0.025714285714285714,15.428571428571427,-1,14,1.0,1.0,0.0,1,0.11871589169380314,0.16858212131090167,0.48130689445899955,1.1260499526933108
15,0.025,0.0,0.001666666666666667,0.0008333333333333335,0.0016666666666666668,right,27,0.025714285714285714,15.428571428571427,1,0,1.0,1.0,0.0,1,0.11871589169380314,0.16858212131090167,0.48130689445899955,1.1260499526933108
16,0.025,0.001666666666666667,0.003333333333333334,0.0025000000000000005,0.0016666666666666668,right,26,0.024761904761904763,14.857142857142856,2,1,1.0,1.0,0.0,1,0.11871589169380314,0.16858212131090167,0.48130689445899955,1.1260499526933108
17,0.025,0.003333333333333334,0.005000000000000001,0.0041666666666666675,0.0016666666666666668,right,33,0.03142857142857143,18.857142857142854,3,2,1.0,1.0,0.0,1,0.11871589169380314,0.16858212131090167,0.48130689445899955,1.1260499526933108
18,0.025,0.005000000000000001,0.006666666666666668,0.0058333333333333345,0.0016666666666666668,right,34,0.03238095238095238,19.428571428571427,4,3,1.0,1.0,0.0,1,0.11871589169380314,0.16858212131090167,0.48130689445899955,1.1260499526933108
19,0.025,0.006666666666666668,0.008333333333333331,0.0075,0.0016666666666666668,right,35,0.03333333333333333,19.999999999999996,5,4,1.0,1.0,0.0,1,0.11871589169380314,0.16858212131090167,0.48130689445899955,1.1260499526933108
20,0.025,0.008333333333333331,0.010000000000000002,0.009166666666666667,0.0016666666666666668,right,22,0.02095238095238095,12.57142857142857,6,5,1.0,1.0,0.0,1,0.11871589169380314,0.16858212131090167,0.48130689445899955,1.1260499526933108
21,0.025,0.010000000000000002,0.011666666666666665,0.010833333333333334,0.0016666666666666668,right,24,0.022857142857142857,13.714285714285712,7,6,1.0,1.0,0.0,1,0.11871589169380314,0.16858212131090167,0.48130689445899955,1.1260499526933108
22,0.025,0.011666666666666665,0.013333333333333336,0.0125,0.0016666666666666668,right,25,0.023809523809523808,14.285714285714285,8,7,1.0,1.0,0.0,1,0.11871589169380314,0.16858212131090167,0.48130689445899955,1.1260499526933108
23,0.025,0.013333333333333336,0.015,0.014166666666666668,0.0016666666666666668,right,24,0.022857142857142857,13.714285714285712,9,8,1.0,1.0,0.0,1,0.11871589169380314,0.16858212131090167,0.48130689445899955,1.1260499526933108
24,0.025,0.015,0.01666666666666667,0.015833333333333335,0.0016666666666666668,right,32,0.030476190476190476,18.285714285714285,10,9,1.0,1.0,0.0,1,0.11871589169380314,0.16858212131090167,0.48130689445899955,1.1260499526933108
25,0.025,0.01666666666666667,0.018333333333333333,0.0175,0.0016666666666666668,right,41,0.039047619047619046,23.428571428571427,11,10,1.0,1.0,0.0,1,0.11871589169380314,0.16858212131090167,0.48130689445899955,1.1260499526933108
26,0.025,0.018333333333333333,0.020000000000000004,0.01916666666666667,0.0016666666666666668,right,25,0.023809523809523808,14.285714285714285,12,11,1.0,1.0,0.0,1,0.11871589169380314,0.16858212131090167,0.48130689445899955,1.1260499526933108
27,0.025,0.020000000000000004,0.021666666666666667,0.020833333333333336,0.0016666666666666668,right,28,0.02666666666666667,15.999999999999998,13,12,1.0,1.0,0.0,1,0.11871589169380314,0.16858212131090167,0.48130689445899955,1.1260499526933108
28,0.025,0.021666666666666667,0.023333333333333338,0.022500000000000003,0.0016666666666666668,right,31,0.029523809523809525,17.71428571428571,14,13,1.0,1.0,0.0,1,0.11871589169380314,0.16858212131090167,0.48130689445899955,1.1260499526933108
29,0.025,0.023333333333333338,0.025,0.02416666666666667,0.0016666666666666668,right,27,0.025714285714285714,15.428571428571427,15,14,1.0,1.0,0.0,1,0.11871589169380314,0.16858212131090167,0.48130689445899955,1.1260499526933108
0,0.05,-0.05,-0.04666666666666667,-0.04833333333333334,0.0033333333333333335,left,176,0.07296849087893864,21.89054726368159,-15,0,1.0,1.0,0.0,1,0.10077680926998234,0.10844649734886952,0.3527456779598137,1.1060297586241858
1,0.05,-0.04666666666666667,-0.043333333333333335,-0.045,0.0033333333333333335,left,125,0.051824212271973466,15.547263681592039,-14,1,1.0,1.0,0.0,1,0.10077680926998234,0.10844649734886952,0.3527456779598137,1.1060297586241858
2,0.05,-0.043333333333333335,-0.04,-0.04166666666666667,0.0033333333333333335,left,216,0.08955223880597014,26.865671641791042,-13,2,1.0,1.0,0.0,1,0.10077680926998234,0.10844649734886952,0.3527456779598137,1.1060297586241858
3,0.05,-0.04,-0.03666666666666667,-0.03833333333333333,0.0033333333333333335,left,143,0.059286898839137646,17.78606965174129,-12,3,1.0,1.0,0.0,1,0.10077680926998234,0.10844649734886952,0.3527456779598137,1.1060297586241858
4,0.05,-0.03666666666666667,-0.03333333333333334,-0.035,0.0033333333333333335,left,106,0.0439469320066335,13.184079601990048,-11,4,1.0,1.0,0.0,1,0.10077680926998234,0.10844649734886952,0.3527456779598137,1.1060297586241858
5,0.05,-0.03333333333333334,-0.030000000000000002,-0.03166666666666667,0.0033333333333333335,left,80,0.03316749585406302,9.950248756218905,-10,5,1.0,1.0,0.0,1,0.10077680926998234,0.10844649734886952,0.3527456779598137,1.1060297586241858
6,0.05,-0.030000000000000002,-0.02666666666666667,-0.028333333333333335,0.0033333333333333335,left,66,0.02736318407960199,8.208955223880595,-9,6,1.0,1.0,0.0,1,0.10077680926998234,0.10844649734886952,0.3527456779598137,1.1060297586241858
7,0.05,-0.02666666666666667,-0.023333333333333334,-0.025,0.0033333333333333335,left,126,0.05223880597014925,15.671641791044774,-8,7,1.0,1.0,0.0,1,0.10077680926998234,0.10844649734886952,0.3527456779598137,1.1060297586241858
8,0.05,-0.023333333333333334,-0.02,-0.021666666666666667,0.0033333333333333335,left,148,0.06135986733001658,18.40796019900497,-7,8,1.0,1.0,0.0,1,0.10077680926998234,0.10844649734886952,0.3527456779598137,1.1060297586241858
9,0.05,-0.02,-0.01666666666666667,-0.018333333333333333,0.0033333333333333335,left,71,0.02943615257048093,8.830845771144277,-6,9,1.0,1.0,0.0,1,0.10077680926998234,0.10844649734886952,0.3527456779598137,1.1060297586241858
10,0.05,-0.01666666666666667,-0.013333333333333336,-0.015000000000000003,0.0033333333333333335,left,68,0.028192371475953566,8.457711442786069,-5,10,1.0,1.0,0.0,1,0.10077680926998234,0.10844649734886952,0.3527456779598137,1.1060297586241858
11,0.05,-0.013333333333333336,-0.010000000000000002,-0.011666666666666669,0.0033333333333333335,left,69,0.028606965174129355,8.582089552238806,-4,11,1.0,1.0,0.0,1,0.10077680926998234,0.10844649734886952,0.3527456779598137,1.1060297586241858
12,0.05,-0.010000000000000002,-0.006666666666666668,-0.008333333333333335,0.0033333333333333335,left,57,0.0236318407960199,7.089552238805969,-3,12,1.0,1.0,0.0,1,0.10077680926998234,0.10844649734886952,0.3527456779598137,1.1060297586241858
13,0.05,-0.006666666666666668,-0.003333333333333334,-0.005000000000000001,0.0033333333333333335,left,64,0.026533996683250415,7.960199004975124,-2,13,1.0,1.0,0.0,1,0.10077680926998234,0.10844649734886952,0.3527456779598137,1.1060297586241858
14,0.05,-0.003333333333333334,0.0,-0.001666666666666667,0.0033333333333333335,left,53,0.02197346600331675,6.592039800995024,-1,14,1.0,1.0,0.0,1,0.10077680926998234,0.10844649734886952,0.3527456779598137,1.1060297586241858
15,0.05,0.0,0.003333333333333334,0.001666666666666667,0.0033333333333333335,right,53,0.02197346600331675,6.592039800995024,1,0,1.0,1.0,0.0,1,0.10077680926998234,0.10844649734886952,0.3527456779598137,1.1060297586241858
16,0.05,0.003333333333333334,0.006666666666666668,0.005000000000000001,0.0033333333333333335,right,67,0.027777777777777776,8.333333333333332,2,1,1.0,1.0,0.0,1,0.10077680926998234,0.10844649734886952,0.3527456779598137,1.1060297586241858
17,0.05,0.006666666666666668,0.010000000000000002,0.008333333333333335,0.0033333333333333335,right,57,0.0236318407960199,7.089552238805969,3,2,1.0,1.0,0.0,1,0.10077680926998234,0.10844649734886952,0.3527456779598137,1.1060297586241858
18,0.05,0.010000000000000002,0.013333333333333336,0.011666666666666669,0.0033333333333333335,right,49,0.0203150912106136,6.094527363184079,4,3,1.0,1.0,0.0,1,0.10077680926998234,0.10844649734886952,0.3527456779598137,1.1060297586241858
19,0.05,0.013333333333333336,0.016666666666666663,0.015,0.0033333333333333335,right,56,0.02321724709784411,6.965174129353233,5,4,1.0,1.0,0.0,1,0.10077680926998234,0.10844649734886952,0.3527456779598137,1.1060297586241858
20,0.05,0.016666666666666663,0.020000000000000004,0.018333333333333333,0.0033333333333333335,right,66,0.02736318407960199,8.208955223880595,6,5,1.0,1.0,0.0,1,0.10077680926998234,0.10844649734886952,0.3527456779598137,1.1060297586241858
21,0.05,0.020000000000000004,0.02333333333333333,0.021666666666666667,0.0033333333333333335,right,59,0.024461028192371476,7.338308457711442,7,6,1.0,1.0,0.0,1,0.10077680926998234,0.10844649734886952,0.3527456779598137,1.1060297586241858
22,0.05,0.02333333333333333,0.026666666666666672,0.025,0.0033333333333333335,right,51,0.021144278606965175,6.343283582089551,8,7,1.0,1.0,0.0,1,0.10077680926998234,0.10844649734886952,0.3527456779598137,1.1060297586241858
23,0.05,0.026666666666666672,0.03,0.028333333333333335,0.0033333333333333335,right,69,0.028606965174129355,8.582089552238806,9,8,1.0,1.0,0.0,1,0.10077680926998234,0.10844649734886952,0.3527456779598137,1.1060297586241858
24,0.05,0.03,0.03333333333333334,0.03166666666666667,0.0033333333333333335,right,54,0.022388059701492536,6.716417910447761,10,9,1.0,1.0,0.0,1,0.10077680926998234,0.10844649734886952,0.3527456779598137,1.1060297586241858
25,0.05,0.03333333333333334,0.03666666666666667,0.035,0.0033333333333333335,right,59,0.024461028192371476,7.338308457711442,11,10,1.0,1.0,0.0,1,0.10077680926998234,0.10844649734886952,0.3527456779598137,1.1060297586241858
26,0.05,0.03666666666666667,0.04000000000000001,0.03833333333333334,0.0033333333333333335,right,59,0.024461028192371476,7.338308457711442,12,11,1.0,1.0,0.0,1,0.10077680926998234,0.10844649734886952,0.3527456779598137,1.1060297586241858
27,0.05,0.04000000000000001,0.043333333333333335,0.04166666666666667,0.0033333333333333335,right,46,0.019071310116086235,5.72139303482587,13,12,1.0,1.0,0.0,1,0.10077680926998234,0.10844649734886952,0.3527456779598137,1.1060297586241858
28,0.05,0.043333333333333335,0.046666666666666676,0.045000000000000005,0.0033333333333333335,right,53,0.02197346600331675,6.592039800995024,14,13,1.0,1.0,0.0,1,0.10077680926998234,0.10844649734886952,0.3527456779598137,1.1060297586241858
29,0.05,0.046666666666666676,0.05,0.04833333333333334,0.0033333333333333335,right,46,0.019071310116086235,5.72139303482587,15,14,1.0,1.0,0.0,1,0.10077680926998234,0.10844649734886952,0.3527456779598137,1.1060297586241858
0,0.075,-0.075,-0.06999999999999999,-0.0725,0.005,left,290,0.06799531066822978,13.599062133645957,-15,0,0.8958333333333334,0.8963730569948186,-0.10939859440710664,1,0.04429803924365672,0.1766997279010054,0.8020486097570034,1.0452938470552684
1,0.075,-0.06999999999999999,-0.065,-0.0675,0.005,left,313,0.07338804220398593,14.677608440797187,-14,1,0.8958333333333334,0.8963730569948186,-0.10939859440710664,1,0.04429803924365672,0.1766997279010054,0.8020486097570034,1.0452938470552684
2,0.075,-0.065,-0.06,-0.0625,0.005,left,289,0.06776084407971864,13.552168815943729,-13,2,0.8958333333333334,0.8963730569948186,-0.10939859440710664,1,0.04429803924365672,0.1766997279010054,0.8020486097570034,1.0452938470552684
3,0.075,-0.06,-0.05499999999999999,-0.057499999999999996,0.005,left,350,0.08206330597889801,16.412661195779602,-12,3,0.8958333333333334,0.8963730569948186,-0.10939859440710664,1,0.04429803924365672,0.1766997279010054,0.8020486097570034,1.0452938470552684
4,0.075,-0.05499999999999999,-0.049999999999999996,-0.05249999999999999,0.005,left,273,0.06400937866354045,12.801875732708089,-11,4,0.8958333333333334,0.8963730569948186,-0.10939859440710664,1,0.04429803924365672,0.1766997279010054,0.8020486097570034,1.0452938470552684
5,0.075,-0.049999999999999996,-0.045,-0.0475,0.005,left,230,0.053927315357561546,10.785463071512309,-10,5,0.8958333333333334,0.8963730569948186,-0.10939859440710664,1,0.04429803924365672,0.1766997279010054,0.8020486097570034,1.0452938470552684
6,0.075,-0.045,-0.039999999999999994,-0.042499999999999996,0.005,left,287,0.06729191090269637,13.458382180539274,-9,6,0.8958333333333334,0.8963730569948186,-0.10939859440710664,1,0.04429803924365672,0.1766997279010054,0.8020486097570034,1.0452938470552684
7,0.075,-0.039999999999999994,-0.034999999999999996,-0.03749999999999999,0.005,left,209,0.04900351699882767,9.800703399765533,-8,7,0.8958333333333334,0.8963730569948186,-0.10939859440710664,1,0.04429803924365672,0.1766997279010054,0.8020486097570034,1.0452938470552684
8,0.075,-0.034999999999999996,-0.03,-0.0325,0.005,left,120,0.02813599062133646,5.627198124267292,-7,8,0.8958333333333334,0.8963730569948186,-0.10939859440710664,1,0.04429803924365672,0.1766997279010054,0.8020486097570034,1.0452938470552684
9,0.075,-0.03,-0.024999999999999994,-0.027499999999999997,0.005,left,106,0.02485345838218054,4.970691676436108,-6,9,0.8958333333333334,0.8963730569948186,-0.10939859440710664,1,0.04429803924365672,0.1766997279010054,0.8020486097570034,1.0452938470552684
10,0.075,-0.024999999999999994,-0.019999999999999997,-0.022499999999999996,0.005,left,234,0.0548651817116061,10.973036342321219,-5,10,0.8958333333333334,0.8963730569948186,-0.10939859440710664,1,0.04429803924365672,0.1766997279010054,0.8020486097570034,1.0452938470552684
11,0.075,-0.019999999999999997,-0.015,-0.017499999999999998,0.005,left,111,0.026025791324736224,5.205158264947245,-4,11,0.8958333333333334,0.8963730569948186,-0.10939859440710664,1,0.04429803924365672,0.1766997279010054,0.8020486097570034,1.0452938470552684
12,0.075,-0.015,-0.009999999999999995,-0.012499999999999997,0.005,left,97,0.022743259085580305,4.5486518171160615,-3,12,0.8958333333333334,0.8963730569948186,-0.10939859440710664,1,0.04429803924365672,0.1766997279010054,0.8020486097570034,1.0452938470552684
13,0.075,-0.009999999999999995,-0.0049999999999999906,-0.007499999999999993,0.005,left,78,0.0182883939038687,3.6576787807737396,-2,13,0.8958333333333334,0.8963730569948186,-0.10939859440710664,1,0.04429803924365672,0.1766997279010054,0.8020486097570034,1.0452938470552684
14,0.075,-0.0049999999999999906,0.0,-0.0024999999999999953,0.005,left,96,0.022508792497069167,4.5017584994138335,-1,14,0.8958333333333334,0.8963730569948186,-0.10939859440710664,1,0.04429803924365672,0.1766997279010054,0.8020486097570034,1.0452938470552684
15,0.075,0.0,0.0050000000000000044,0.0025000000000000022,0.005,right,86,0.020164126611957794,4.0328253223915596,1,0,0.8958333333333334,0.8963730569948186,-0.10939859440710664,1,0.04429803924365672,0.1766997279010054,0.8020486097570034,1.0452938470552684
16,0.075,0.0050000000000000044,0.010000000000000009,0.007500000000000007,0.005,right,91,0.021336459554513482,4.2672919109026966,2,1,0.8958333333333334,0.8963730569948186,-0.10939859440710664,1,0.04429803924365672,0.1766997279010054,0.8020486097570034,1.0452938470552684
17,0.075,0.010000000000000009,0.015,0.012500000000000004,0.005,right,73,0.017116060961313014,3.4232121922626026,3,2,0.8958333333333334,0.8963730569948186,-0.10939859440710664,1,0.04429803924365672,0.1766997279010054,0.8020486097570034,1.0452938470552684
18,0.075,0.015,0.020000000000000004,0.0175,0.005,right,98,0.022977725674091443,4.5955451348182885,4,3,0.8958333333333334,0.8963730569948186,-0.10939859440710664,1,0.04429803924365672,0.1766997279010054,0.8020486097570034,1.0452938470552684
19,0.075,0.020000000000000004,0.02500000000000001,0.022500000000000006,0.005,right,86,0.020164126611957794,4.0328253223915596,5,4,0.8958333333333334,0.8963730569948186,-0.10939859440710664,1,0.04429803924365672,0.1766997279010054,0.8020486097570034,1.0452938470552684
20,0.075,0.02500000000000001,0.03,0.027500000000000004,0.005,right,93,0.021805392731535755,4.3610785463071515,6,5,0.8958333333333334,0.8963730569948186,-0.10939859440710664,1,0.04429803924365672,0.1766997279010054,0.8020486097570034,1.0452938470552684
21,0.075,0.03,0.035,0.0325,0.005,right,81,0.01899179366940211,3.798358733880422,7,6,0.8958333333333334,0.8963730569948186,-0.10939859440710664,1,0.04429803924365672,0.1766997279010054,0.8020486097570034,1.0452938470552684
22,0.075,0.035,0.04000000000000001,0.037500000000000006,0.005,right,91,0.021336459554513482,4.2672919109026966,8,7,0.8958333333333334,0.8963730569948186,-0.10939859440710664,1,0.04429803924365672,0.1766997279010054,0.8020486097570034,1.0452938470552684
23,0.075,0.04000000000000001,0.045,0.0425,0.005,right,76,0.017819460726846426,3.563892145369285,9,8,0.8958333333333334,0.8963730569948186,-0.10939859440710664,1,0.04429803924365672,0.1766997279010054,0.8020486097570034,1.0452938470552684
24,0.075,0.045,0.05,0.0475,0.005,right,69,0.016178194607268465,3.235638921453693,10,9,0.8958333333333334,0.8963730569948186,-0.10939859440710664,1,0.04429803924365672,0.1766997279010054,0.8020486097570034,1.0452938470552684
25,0.075,0.05,0.05500000000000001,0.052500000000000005,0.005,right,74,0.01735052754982415,3.47010550996483,11,10,0.8958333333333334,0.8963730569948186,-0.10939859440710664,1,0.04429803924365672,0.1766997279010054,0.8020486097570034,1.0452938470552684
26,0.075,0.05500000000000001,0.06000000000000001,0.05750000000000001,0.005,right,78,0.0182883939038687,3.6576787807737396,12,11,0.8958333333333334,0.8963730569948186,-0.10939859440710664,1,0.04429803924365672,0.1766997279010054,0.8020486097570034,1.0452938470552684
27,0.075,0.06000000000000001,0.06500000000000002,0.06250000000000001,0.005,right,65,0.015240328253223915,3.048065650644783,13,12,0.8958333333333334,0.8963730569948186,-0.10939859440710664,1,0.04429803924365672,0.1766997279010054,0.8020486097570034,1.0452938470552684
28,0.075,0.06500000000000002,0.06999999999999999,0.0675,0.005,right,55,0.012895662368112544,2.5791324736225087,14,13,0.8958333333333334,0.8963730569948186,-0.10939859440710664,1,0.04429803924365672,0.1766997279010054,0.8020486097570034,1.0452938470552684
29,0.075,0.06999999999999999,0.075,0.0725,0.005,right,66,0.015474794841735053,3.0949589683470107,15,14,0.8958333333333334,0.8963730569948186,-0.10939859440710664,1,0.04429803924365672,0.1766997279010054,0.8020486097570034,1.0452938470552684
0,0.1,-0.1,-0.09333333333333334,-0.09666666666666668,0.006666666666666667,left,324,0.05365126676602087,8.047690014903129,-15,0,1.0256410256410255,1.025531914893617,0.02521141934649607,1,-0.08242884162499386,0.16171510841972397,0.6102501671932266,0.9208769636337357
1,0.1,-0.09333333333333334,-0.08666666666666667,-0.09,0.006666666666666667,left,511,0.08461665838715018,12.692498758072526,-14,1,1.0256410256410255,1.025531914893617,0.02521141934649607,1,-0.08242884162499386,0.16171510841972397,0.6102501671932266,0.9208769636337357
2,0.1,-0.08666666666666667,-0.08,-0.08333333333333334,0.006666666666666667,left,327,0.05414803775459513,8.122205663189268,-13,2,1.0256410256410255,1.025531914893617,0.02521141934649607,1,-0.08242884162499386,0.16171510841972397,0.6102501671932266,0.9208769636337357
3,0.1,-0.08,-0.07333333333333333,-0.07666666666666666,0.006666666666666667,left,385,0.06375227686703097,9.562841530054644,-12,3,1.0256410256410255,1.025531914893617,0.02521141934649607,1,-0.08242884162499386,0.16171510841972397,0.6102501671932266,0.9208769636337357
4,0.1,-0.07333333333333333,-0.06666666666666668,-0.07,0.006666666666666667,left,378,0.06259314456035768,9.38897168405365,-11,4,1.0256410256410255,1.025531914893617,0.02521141934649607,1,-0.08242884162499386,0.16171510841972397,0.6102501671932266,0.9208769636337357
5,0.1,-0.06666666666666668,-0.060000000000000005,-0.06333333333333334,0.006666666666666667,left,430,0.07120384169564498,10.680576254346745,-10,5,1.0256410256410255,1.025531914893617,0.02521141934649607,1,-0.08242884162499386,0.16171510841972397,0.6102501671932266,0.9208769636337357
6,0.1,-0.060000000000000005,-0.05333333333333334,-0.05666666666666667,0.006666666666666667,left,437,0.07236297400231827,10.854446100347738,-9,6,1.0256410256410255,1.025531914893617,0.02521141934649607,1,-0.08242884162499386,0.16171510841972397,0.6102501671932266,0.9208769636337357
7,0.1,-0.05333333333333334,-0.04666666666666667,-0.05,0.006666666666666667,left,362,0.05994369928796158,8.991554893194236,-8,7,1.0256410256410255,1.025531914893617,0.02521141934649607,1,-0.08242884162499386,0.16171510841972397,0.6102501671932266,0.9208769636337357
8,0.1,-0.04666666666666667,-0.04,-0.043333333333333335,0.006666666666666667,left,341,0.056466302367941715,8.469945355191255,-7,8,1.0256410256410255,1.025531914893617,0.02521141934649607,1,-0.08242884162499386,0.16171510841972397,0.6102501671932266,0.9208769636337357
9,0.1,-0.04,-0.03333333333333334,-0.03666666666666667,0.006666666666666667,left,249,0.04123199205166418,6.184798807749627,-6,9,1.0256410256410255,1.025531914893617,0.02521141934649607,1,-0.08242884162499386,0.16171510841972397,0.6102501671932266,0.9208769636337357
10,0.1,-0.03333333333333334,-0.026666666666666672,-0.030000000000000006,0.006666666666666667,left,146,0.024176188110614342,3.6264282165921506,-5,10,1.0256410256410255,1.025531914893617,0.02521141934649607,1,-0.08242884162499386,0.16171510841972397,0.6102501671932266,0.9208769636337357
11,0.1,-0.026666666666666672,-0.020000000000000004,-0.023333333333333338,0.006666666666666667,left,274,0.045371750289783075,6.805762543467461,-4,11,1.0256410256410255,1.025531914893617,0.02521141934649607,1,-0.08242884162499386,0.16171510841972397,0.6102501671932266,0.9208769636337357
12,0.1,-0.020000000000000004,-0.013333333333333336,-0.01666666666666667,0.006666666666666667,left,139,0.02301705580394105,3.452558370591157,-3,12,1.0256410256410255,1.025531914893617,0.02521141934649607,1,-0.08242884162499386,0.16171510841972397,0.6102501671932266,0.9208769636337357
13,0.1,-0.013333333333333336,-0.006666666666666668,-0.010000000000000002,0.006666666666666667,left,126,0.020864381520119227,3.129657228017883,-2,13,1.0256410256410255,1.025531914893617,0.02521141934649607,1,-0.08242884162499386,0.16171510841972397,0.6102501671932266,0.9208769636337357
14,0.1,-0.006666666666666668,0.0,-0.003333333333333334,0.006666666666666667,left,117,0.019374068554396422,2.906110283159463,-1,14,1.0256410256410255,1.025531914893617,0.02521141934649607,1,-0.08242884162499386,0.16171510841972397,0.6102501671932266,0.9208769636337357
15,0.1,0.0,0.006666666666666668,0.003333333333333334,0.006666666666666667,right,120,0.01987083954297069,2.980625931445603,1,0,1.0256410256410255,1.025531914893617,0.02521141934649607,1,-0.08242884162499386,0.16171510841972397,0.6102501671932266,0.9208769636337357
16,0.1,0.006666666666666668,0.013333333333333336,0.010000000000000002,0.006666666666666667,right,106,0.01755257492962411,2.632886239443616,2,1,1.0256410256410255,1.025531914893617,0.02521141934649607,1,-0.08242884162499386,0.16171510841972397,0.6102501671932266,0.9208769636337357
17,0.1,0.013333333333333336,0.020000000000000004,0.01666666666666667,0.006666666666666667,right,122,0.020202020202020204,3.03030303030303,3,2,1.0256410256410255,1.025531914893617,0.02521141934649607,1,-0.08242884162499386,0.16171510841972397,0.6102501671932266,0.9208769636337357
18,0.1,0.020000000000000004,0.026666666666666672,0.023333333333333338,0.006666666666666667,right,110,0.018214936247723135,2.7322404371584694,4,3,1.0256410256410255,1.025531914893617,0.02521141934649607,1,-0.08242884162499386,0.16171510841972397,0.6102501671932266,0.9208769636337357
19,0.1,0.026666666666666672,0.033333333333333326,0.03,0.006666666666666667,right,123,0.02036761053154496,3.0551415797317434,5,4,1.0256410256410255,1.025531914893617,0.02521141934649607,1,-0.08242884162499386,0.16171510841972397,0.6102501671932266,0.9208769636337357
20,0.1,0.033333333333333326,0.04000000000000001,0.03666666666666667,0.006666666666666667,right,118,0.01953965888392118,2.9309488325881765,6,5,1.0256410256410255,1.025531914893617,0.02521141934649607,1,-0.08242884162499386,0.16171510841972397,0.6102501671932266,0.9208769636337357
21,0.1,0.04000000000000001,0.04666666666666666,0.043333333333333335,0.006666666666666667,right,99,0.01639344262295082,2.4590163934426226,7,6,1.0256410256410255,1.025531914893617,0.02521141934649607,1,-0.08242884162499386,0.16171510841972397,0.6102501671932266,0.9208769636337357
22,0.1,0.04666666666666666,0.053333333333333344,0.05,0.006666666666666667,right,95,0.015731081304851798,2.3596621957277693,8,7,1.0256410256410255,1.025531914893617,0.02521141934649607,1,-0.08242884162499386,0.16171510841972397,0.6102501671932266,0.9208769636337357
23,0.1,0.053333333333333344,0.06,0.05666666666666667,0.006666666666666667,right,103,0.017055803941049844,2.558370591157476,9,8,1.0256410256410255,1.025531914893617,0.02521141934649607,1,-0.08242884162499386,0.16171510841972397,0.6102501671932266,0.9208769636337357
24,0.1,0.06,0.06666666666666668,0.06333333333333334,0.006666666666666667,right,90,0.014903129657228018,2.2354694485842024,10,9,1.0256410256410255,1.025531914893617,0.02521141934649607,1,-0.08242884162499386,0.16171510841972397,0.6102501671932266,0.9208769636337357
25,0.1,0.06666666666666668,0.07333333333333333,0.07,0.006666666666666667,right,78,0.012916045702930949,1.937406855439642,11,10,1.0256410256410255,1.025531914893617,0.02521141934649607,1,-0.08242884162499386,0.16171510841972397,0.6102501671932266,0.9208769636337357
26,0.1,0.07333333333333333,0.08000000000000002,0.07666666666666667,0.006666666666666667,right,78,0.012916045702930949,1.937406855439642,12,11,1.0256410256410255,1.025531914893617,0.02521141934649607,1,-0.08242884162499386,0.16171510841972397,0.6102501671932266,0.9208769636337357
27,0.1,0.08000000000000002,0.08666666666666667,0.08333333333333334,0.006666666666666667,right,85,0.01407517800960424,2.1112767014406355,13,12,1.0256410256410255,1.025531914893617,0.02521141934649607,1,-0.08242884162499386,0.16171510841972397,0.6102501671932266,0.9208769636337357
28,0.1,0.08666666666666667,0.09333333333333335,0.09000000000000001,0.006666666666666667,right,85,0.01407517800960424,2.1112767014406355,14,13,1.0256410256410255,1.025531914893617,0.02521141934649607,1,-0.08242884162499386,0.16171510841972397,0.6102501671932266,0.9208769636337357
29,0.1,0.09333333333333335,0.1,0.09666666666666668,0.006666666666666667,right,81,0.013412816691505217,2.011922503725782,15,14,1.0256410256410255,1.025531914893617,0.02521141934649607,1,-0.08242884162499386,0.16171510841972397,0.6102501671932266,0.9208769636337357
